{
  "test/integration/pages/A_PurchaseOrderList.js": 1735629777395,
  "i18n/i18n.properties": 1735629782099,
  "test/integration/pages/A_PurchaseOrderObjectPage.js": 1735629777395,
  "test/integration/pages/A_PurchaseOrderItemObjectPage.js": 1735629777395,
  "test/integration/opaTests.qunit.js": 1735629777387,
  "test/integration/FirstJourney.js": 1735629777399,
  "test/testsuite.qunit.js": 1735629777371,
  "xs-app.json": 1735638950187,
  "manifest.json": 1735629953592,
  "Component.js": 1735629777351,
  "test/integration/pages/A_PurchaseOrderList-dbg.js": 1735629777395,
  "test/integration/pages/A_PurchaseOrderList.js.map": 1735638958528,
  "test/integration/pages/A_PurchaseOrderObjectPage-dbg.js": 1735629777395,
  "test/integration/pages/A_PurchaseOrderObjectPage.js.map": 1735638958527,
  "test/integration/pages/A_PurchaseOrderItemObjectPage-dbg.js": 1735629777395,
  "test/integration/pages/A_PurchaseOrderItemObjectPage.js.map": 1735638958528,
  "test/integration/opaTests.qunit-dbg.js": 1735629777387,
  "test/integration/opaTests.qunit.js.map": 1735638958528,
  "test/integration/FirstJourney-dbg.js": 1735629777399,
  "test/integration/FirstJourney.js.map": 1735638958531,
  "test/testsuite.qunit-dbg.js": 1735629777371,
  "test/testsuite.qunit.js.map": 1735638958530,
  "Component-dbg.js": 1735629777351,
  "Component.js.map": 1735638958530,
  "Component-preload.js": 1735638958711,
  "Component-preload.js.map": 1735638958711,
  "test/integration/opaTests.qunit.html": 1735629777387,
  "test/testsuite.qunit.html": 1735629777363,
  "test/flpSandbox.html": 1735629777363,
  "index.html": 1735629777351
}